state_name,total_stops_01,erp_2021,infra_per_100k
Victoria,28062,6559900,427.7809113
Queensland,12185,5265000,231.4339981
South Australia,7531,1806600,416.8604008
Western Australia,14006,2762200,507.0595902
